URL,TIMESTAMP,KEYWORDS,CONTENT
https://www.cc.gatech.edu/,2025-01-23T15:33:52.167881,"college, computing, skip, main, navigation, skip, mai","















College of Computing


















    Skip to main navigation


    Skip to main content















MENU










College of Computing














Main navigation


About

"
https://www.cc.gatech.edu/#main-navigation,2025-01-23T15:33:52.491159,"college, computing, skip, main, navigation, skip, mai","















College of Computing


















    Skip to main navigation


    Skip to main content















MENU










College of Computing














Main navigation


About

"
https://www.cc.gatech.edu/#main-content,2025-01-23T15:33:52.809885,"college, computing, skip, main, navigation, skip, mai","















College of Computing


















    Skip to main navigation


    Skip to main content















MENU










College of Computing














Main navigation


About

"
https://www.cc.gatech.edu/people/advisory-board,2025-01-23T15:33:53.056430,"advisory, board, college, computing, skip, main, navigation","










Advisory Board | College of Computing


















    Skip to main navigation


    Skip to main content















MENU










College of Computing














Main navigati"
https://www.cc.gatech.edu/awards-and-distinctions,2025-01-23T15:33:53.321399,"awards, distinctions, college, computing, skip, main, navigat","










Awards and Distinctions | College of Computing


















    Skip to main navigation


    Skip to main content















MENU










College of Computing














Main"
https://www.cc.gatech.edu/gt-computing-community,2025-01-23T15:33:53.608270,"gt, computing, community, college, computing, skip, main, navigati","










GT Computing Community | College of Computing


















    Skip to main navigation


    Skip to main content















MENU










College of Computing














Main "
https://www.cc.gatech.edu/contact-us,2025-01-23T15:33:53.881423,"contact, us, college, computing, skip, main, navigation, ski","










Contact Us | College of Computing


















    Skip to main navigation


    Skip to main content















MENU










College of Computing














Main navigation

"
https://www.cc.gatech.edu/facts-and-rankings,2025-01-23T15:33:54.133245,"facts, rankings, college, computing, skip, main, navigation","










Facts and Rankings | College of Computing


















    Skip to main navigation


    Skip to main content















MENU










College of Computing














Main navi"
https://www.cc.gatech.edu/dean-charles-isbell,2025-01-23T15:33:54.460354,"dean, vivek, sarkar, college, computing, skip, main, navigation","










Dean Vivek Sarkar | College of Computing


















    Skip to main navigation


    Skip to main content















MENU










College of Computing














Main navig"
https://www.cc.gatech.edu/college-administration,2025-01-23T15:33:54.756118,"college, administration, college, computing, skip, main, navigati","










College Administration | College of Computing


















    Skip to main navigation


    Skip to main content















MENU










College of Computing














Main "
https://www.cc.gatech.edu/welcome-techlanta-capital-new-south,2025-01-23T15:33:54.996964,"welcome, techlanta, capital, new, south, college, computing","










Welcome to TECHlanta: The Capital of the New South | College of Computing


















    Skip to main navigation


    Skip to main content















MENU










College of C"
https://www.cc.gatech.edu/faculty-position-opportunities,2025-01-23T15:33:55.281564,"faculty, position, opportunities, college, computing, skip, main","










Faculty Position Opportunities | College of Computing


















    Skip to main navigation


    Skip to main content















MENU










College of Computing











"
https://www.cc.gatech.edu/degree-programs,2025-01-23T15:33:55.576122,"degree, programs, college, computing, skip, main, navigation","










Degree Programs | College of Computing


















    Skip to main navigation


    Skip to main content















MENU










College of Computing














Main navigat"
https://www.cc.gatech.edu/prospective-graduate-students,2025-01-23T15:33:55.996853,"prospective, graduate, students, college, computing, skip, main, n","










Prospective Graduate Students | College of Computing


















    Skip to main navigation


    Skip to main content















MENU










College of Computing












"
https://www.cc.gatech.edu/minors,2025-01-23T15:33:56.258523,"minors, college, computing, skip, main, navigation, skip","










Minors | College of Computing


















    Skip to main navigation


    Skip to main content















MENU










College of Computing














Main navigation


Abo"
https://www.cc.gatech.edu/threads-better-way-learn-computing,2025-01-23T15:33:56.536971,"threads, better, way, learn, computing, college, computing, ski","










Threads: A Better Way to Learn Computing | College of Computing


















    Skip to main navigation


    Skip to main content















MENU










College of Computing

"
https://www.cc.gatech.edu/prospective-undergraduate-students,2025-01-23T15:33:56.800438,"prospective, undergraduate, students, college, computing, skip","










Prospective Undergraduate Students | College of Computing


















    Skip to main navigation


    Skip to main content















MENU










College of Computing







"
https://www.cc.gatech.edu/online-education,2025-01-23T15:33:57.042574,"online, education, college, computing, skip, main, navigation","










Online Education | College of Computing


















    Skip to main navigation


    Skip to main content















MENU










College of Computing














Main naviga"
https://www.cc.gatech.edu/admissions-financial-aid,2025-01-23T15:33:57.302874,"admissions, financial, aid, college, computing, skip, main, navi","










Admissions & Financial Aid | College of Computing


















    Skip to main navigation


    Skip to main content















MENU










College of Computing














M"
https://www.cc.gatech.edu/funding-sources,2025-01-23T15:33:57.580962,"funding, sources, college, computing, skip, main, navigation","










Funding Sources | College of Computing


















    Skip to main navigation


    Skip to main content















MENU










College of Computing














Main navigat"
https://www.cc.gatech.edu/academic-resources,2025-01-23T15:33:57.861491,"academic, resources, college, computing, skip, main, navigation","










Academic Resources | College of Computing


















    Skip to main navigation


    Skip to main content















MENU










College of Computing














Main navi"
https://www.cc.gatech.edu/program-advising,2025-01-23T15:33:58.130456,"program, advising, college, computing, skip, main, navigation","










Program Advising | College of Computing


















    Skip to main navigation


    Skip to main content















MENU










College of Computing














Main naviga"
https://www.cc.gatech.edu/undergraduate-advising,2025-01-23T15:33:58.394506,"undergraduate, advising, college, computing, skip, main, navigati","










Undergraduate Advising | College of Computing


















    Skip to main navigation


    Skip to main content















MENU










College of Computing














Main "
https://www.cc.gatech.edu/regdates,2025-01-23T15:33:58.741876,"registration, dates, college, computing, skip, main, navigation","










Registration Dates | College of Computing


















    Skip to main navigation


    Skip to main content















MENU










College of Computing














Main navi"
https://www.cc.gatech.edu/content/career-fairs-0,2025-01-23T15:33:59.057109,"career, fair, college, computing, skip, main, navigation, sk","










Career Fair | College of Computing


















    Skip to main navigation


    Skip to main content















MENU










College of Computing














Main navigation
"
https://www.cc.gatech.edu/tutoring-assistance,2025-01-23T15:33:59.307943,"tutoring, assistance, college, computing, skip, main, navigation","










Tutoring Assistance | College of Computing


















    Skip to main navigation


    Skip to main content















MENU










College of Computing














Main nav"
https://www.cc.gatech.edu/computing-career-services-0,2025-01-23T15:33:59.809319,"computing, career, services, college, computing, skip, main, navig","










Computing Career Services | College of Computing


















    Skip to main navigation


    Skip to main content















MENU










College of Computing














Ma"
https://www.cc.gatech.edu/entrepreneurship-gt-computing,2025-01-23T15:34:00.257801,"entrepreneurship, gt, computing, college, computing, skip, main","










Entrepreneurship @ GT Computing | College of Computing


















    Skip to main navigation


    Skip to main content















MENU










College of Computing










"
https://www.cc.gatech.edu/mentoring-program,2025-01-23T15:34:00.532555,"mentoring, program, college, computing, skip, main, navigation","










Mentoring Program | College of Computing


















    Skip to main navigation


    Skip to main content















MENU










College of Computing














Main navig"
https://www.cc.gatech.edu/office-outreach-enrollment-and-community,2025-01-23T15:34:00.879472,"office, community, student, engagement, college, computing","










Office of Community and Student Engagement | College of Computing


















    Skip to main navigation


    Skip to main content















MENU










College of Computing"
https://www.cc.gatech.edu/coc-undergraduate-faset,2025-01-23T15:34:01.140428,"coc, undergraduate, faset, college, computing, skip, main, navigat","










CoC Undergraduate FASET | College of Computing


















    Skip to main navigation


    Skip to main content















MENU










College of Computing














Main"
https://www.cc.gatech.edu/international-studies,2025-01-23T15:34:01.391534,"international, studies, college, computing, skip, main, navigatio","










International Studies | College of Computing


















    Skip to main navigation


    Skip to main content















MENU










College of Computing














Main n"
https://www.cc.gatech.edu/schools,2025-01-23T15:34:01.743868,"schools, college, computing, skip, main, navigation, skip","










Schools | College of Computing


















    Skip to main navigation


    Skip to main content















MENU










College of Computing














Main navigation


Ab"
https://www.cc.gatech.edu/news,2025-01-23T15:34:02.185251,"news, college, computing, skip, main, navigation, skip","










News | College of Computing


















    Skip to main navigation


    Skip to main content















MENU










College of Computing














Main navigation


About"
https://www.cc.gatech.edu/events,2025-01-23T15:34:02.505053,"events, college, computing, skip, main, navigation, skip","










Events | College of Computing


















    Skip to main navigation


    Skip to main content















MENU










College of Computing














Main navigation


Abo"
https://www.cc.gatech.edu/calendar,2025-01-23T15:34:02.766337,"college, computing, skip, main, navigation, skip, main, c","










| College of Computing


















    Skip to main navigation


    Skip to main content















MENU










College of Computing














Main navigation


About


Ad"
https://www.cc.gatech.edu/media-contacts,2025-01-23T15:34:03.217370,"media, contacts, college, computing, skip, main, navigation","










Media Contacts | College of Computing


















    Skip to main navigation


    Skip to main content















MENU










College of Computing














Main navigati"
https://www.cc.gatech.edu/compiler-gt-computing-communitys-weekly-newsletter,2025-01-23T15:34:03.508827,"compiler, gt, computing, community, weekly, newsletter, college, computing","










The Compiler, the GT Computing Community's Weekly Newsletter | College of Computing


















    Skip to main navigation


    Skip to main content















MENU










Co"
https://www.cc.gatech.edu/communications-let-us-tell-your-story,2025-01-23T15:34:03.799333,"communications, let, us, tell, story, college, computing, skip","










Communications: Let Us Tell Your Story | College of Computing


















    Skip to main navigation


    Skip to main content















MENU










College of Computing



"
https://www.cc.gatech.edu/people,2025-01-23T15:34:06.094181,"directory, college, computing, skip, main, navigation, skip","










Directory | College of Computing


















    Skip to main navigation


    Skip to main content















MENU










College of Computing














Main navigation


"
https://www.cc.gatech.edu/people/faculty,2025-01-23T15:34:06.378825,"faculty, college, computing, skip, main, navigation, skip","










Faculty | College of Computing


















    Skip to main navigation


    Skip to main content















MENU










College of Computing














Main navigation


Ab"
https://www.cc.gatech.edu/people/staff,2025-01-23T15:34:06.671763,"staff, college, computing, skip, main, navigation, skip","










Staff | College of Computing


















    Skip to main navigation


    Skip to main content















MENU










College of Computing














Main navigation


Abou"
https://www.cc.gatech.edu/people/phd,2025-01-23T15:34:07.026732,"phd, students, college, computing, skip, main, navigation","










PhD Students | College of Computing


















    Skip to main navigation


    Skip to main content















MENU










College of Computing














Main navigation"
https://www.cc.gatech.edu/alumni,2025-01-23T15:34:07.353672,"alumni, college, computing, skip, main, navigation, skip","










Alumni | College of Computing


















    Skip to main navigation


    Skip to main content















MENU










College of Computing














Main navigation


Abo"
https://www.cc.gatech.edu/hall-fame,2025-01-23T15:34:07.619368,"hall, fame, college, computing, skip, main, navigation","










Hall of Fame | College of Computing


















    Skip to main navigation


    Skip to main content















MENU










College of Computing














Main navigation"
https://www.cc.gatech.edu/buildings-and-facilities,2025-01-23T15:34:07.913828,"buildings, facilities, college, computing, skip, main, naviga","










Buildings and Facilities | College of Computing


















    Skip to main navigation


    Skip to main content















MENU










College of Computing














Mai"
https://www.cc.gatech.edu/interdisciplinary-research-institutes,2025-01-23T15:34:08.164726,"interdisciplinary, research, institutes, college, computing, skip","










Interdisciplinary Research Institutes | College of Computing


















    Skip to main navigation


    Skip to main content















MENU










College of Computing




"
https://www.cc.gatech.edu/research-areas,2025-01-23T15:34:08.439175,"research, areas, college, computing, skip, main, navigation","










Research Areas | College of Computing


















    Skip to main navigation


    Skip to main content















MENU










College of Computing














Main navigati"
https://www.cc.gatech.edu/research-centers-frames-inquiry,2025-01-23T15:34:08.697746,"research, centers, frames, inquiry, college, computing, skip","










Research Centers: Frames of Inquiry | College of Computing


















    Skip to main navigation


    Skip to main content















MENU










College of Computing






"
https://www.cc.gatech.edu/constellations-center-equity-computing,2025-01-23T15:34:08.958235,"constellations, center, equity, computing, college, computing","










Constellations Center for Equity in Computing | College of Computing


















    Skip to main navigation


    Skip to main content















MENU










College of Comput"
